Sub-Reddit,Minor in a Restrictive State (COMPLETE),Seeking Surgical Care,Seeking Medical Abortion,Emotional Distress
r/pro-life,"im a little hesitant with a 9 year old getting pregnant after all, its probably a lot less safe for her body because
she's not in puberty yet (9 year olds can get pregnant but rare). how should we support 9 year olds that are
pregnant? would it be acceptable to have an abortion? or would it not fix the problem?",TBA,TBA,TBA
r/pro-life,"My coworker who I've become friends with is 17, fresh out of high school and pregnant. I want to tell her that she's going to be okay no matter what happens, and I want to encourage her to consider carrying out the pregnancy and either giving the baby up for adoption or keeping it herself. I want to tell her that even though her parents might be angry with her, that they would be happy and relieved that she would keep the baby as opposed to finding out about an abortion later. I want to tell her that even if she decides to get an abortion, I'll pray for her and I'll try my best to support her through what she's going through. I want to tell her that even though we haven't been friends for long, I would love to help her take care of her baby if she needed it. I want to tell her that if she's worried that her boyfriend will dump her for getting pregnant, then he isn't worth keeping as a boyfriend at all. I want to tell her that even if she got an abortion, there's no guarantee that he will stay and still ""love"" her. I want to tell her that if he really cares about her, then he will stay no matter what happens--and if he doesn't want to support her, then he shouldn't even be in the picture to begin with. I want to tell her that she has friends and family that will support her and that she shouldn't worry about what other people think. I want to tell her that getting pregnant will NOT stop her from going to college, that many young parents go to college and do well in school, and that there are numerous need-based grants that are given out specifically to young parents. I want to tell her not to worry and to trust God and to trust the people in her life that care for her.

",TBA,TBA,TBA
r/pro-life,"I'm 16 and I just found out that my now-ex boyfriend got me pregnant. I haven't told anyone besides my best friend yet because I know they'll just want me to abort, especially my parents. I really do want to keep this baby and I don't know what to do. I thought people here might be supportive or have advice. ",TBA,TBA,TBA
r/pro-life,I know this is a question thats been asked alot but if a teen gets pregnant should we force her to give birth when their bodies are hardly developed. There was once a 5 year old girl who got pregant. Do we draw a line on age. And I know the cirumcstances dosent determine the value but what about them when they are too young for this. Its one of the things pro lifers get absolutely hated for. And what if minors were to get raped. I mean do we have any moral justification for this.,TBA,TBA,TBA
r/pro-life,"I'm not entirely sure how to phrase it but hopefully you understand.

there are instances of young teenagers and even preteens getting pregnant who are below the age of consent and have basically no grasp on what they're doing and the possible consequences. girls can menstruate and potentially be pregnant from as early as 8 (there are rare cases of menstruation starting earlier), should they have to commit to a pregnancy? should they be criminalised for having an abortion for their own safety?",TBA,TBA,TBA
r/abortion,"I had an abortion the month I turned 15. I had been dating my first love for two years when I found out I was pregnant. I immediately knew my only option was abortion. I grew up with a young mom and my life was hell. There was no way they would have a good life with 15 year old me. I told my boyfriend and he agreed abortion would be best. The problem was, I needed permission from my guardian to have one. My mom is completely against that, so is the rest of my family. My sister tried googling natural ways to induce an abortion. She found that putting parsley up there could cause one. She had me try that and it didn’t work. It was so disgusting. I can never smell or eat parsley again. We had to get a judicial bypass from a judge to be able to allow planned parenthood to give me one. I sat in a room with a judge (it was a female thank god) and she asked me questions about myself and my life. I was so scared. She granted it and I was able to move forward with it and I was so relieved. So many Dr appointments me and my sister had to skip school for and hide from my mom. They showed me the ultrasound and asked it I wanted to keep a picture & I did. I ended up burning it later I didn’t want my mom to find it. I remember my morning sickness being so bad. I had a cooking class right away in the morning and I would constantly have to go to the bathroom to throw up. The teacher was getting worried about me. When the appointment finally came I was 12 weeks. It was surgical. The nurse was an angel. She stood by my head and rubbed my shoulder the entire time. When it was over all I felt was relief. On the drive home the sunset looked so beautiful and for the first time I felt the presence of a god. I am now 21 years old and I often think about it and how different my life would be but I am so grateful I made that hard choice. I was not mentally ready to care and shape a little human. I am so thankful for my sister, the judge and that angel of a nurse at planned parenthood.",TBA,TBA,TBA
r/abortion,"Hello, I am 19 years old and my 15 year old sister trusted me enough to tell me she is pregnant. I am very scared but I can’t show that to her because she is already mortified about what she has done.

For preface: we live in MO and could travel to KS if needed. This goal of this post is to get some kind of information on how to do this safely without having to tell our parents. I am prepared to do literally anything for her. This experience is causing her to have suicidal thoughts, crippling anxiety, and extreme depression. All of which she already had before this. I need help. I am desperate. I do not want to lose my baby sister.

Please please please message me or comment. This is the first time I’ve posted on Reddit so I don’t completely understand the messaging aspect. PLEASE GIVE ME ANY INFO.

Thank you all <3",TBA,TBA,TBA
r/abortion,"I found out I was 26 weeks pregnant. I don’t know what to do and I didn’t know how to feel and even though I had barely found out I already had so much love for my baby, but I knew that the right thing to not have it because of my family, and I know that they would disown me and that they would probably not talk to me or maybe even send me to live far away just so that I won’t be an embarrassment to them, so I decided to fix it. I told my boyfriend and I told my two older brothers and their girlfriends even some of my teachers ended up finding out due to me not doing well in school or having a step out of the classroom to make phone calls. I was referred to another clinic by Planned Parenthood because they said I was too far along thankfully there was one not too far away, but I had to stay there for three days because of how lengthy the procedure is I was terrified only because I didn’t have anyone there besides my boyfriend and we’re both under age. I thought I was the worst person ever because I know I would miss my freedom if I did have the baby, but then again I’ve always dreamed of becoming a mom. I thought I was so selfish and I felt disgusted with myself, but since I had my boyfriend and he was there to reassure me, everything felt fine. The first day there there was like these matchstick sort of rods put inside of me and they put around seven. The next day went again and it took around 20 minutes. They had ended up putting more of those sticks inside of me and I was under anesthesia The next day I went under anesthesia again this time everything was over and I was bleeding the anesthesia for great honestly it helped a lot that way I couldn’t remember anything. It felt quick. Felt like as soon as I had gone to sleep I woke up the next second as nothing happened, on my way home I felt a little sad but relieved. I know that this will be a story that I will tell my future kids so that they can be aware of consequences and if it ever were happened to them I support them and help them with anything that they need. I know that right now I feel fine but within time. i know ill feel a little sad, but that’s OK because I know that’s part of the healing process.",TBA,TBA,TBA
r/abortion,"i am a 17f student and athlete in south carolina, my parents aren’t super strict but still could not face them and let them know i disappointed them. i found out i was pregnant on 4/19 and ordered my pills on the same day. my period was 8 days late so i was sure that i was pregnant just couldn’t wrap my head around it. the guy i was with brought the pills and i got them delivered to his house. this was a saturday and the pills were set to arrive originally on tuesday but once i placed the order they arrived on monday. they shipped almost immediately after i got approved. the process was very quick, i paid using cash app and the transaction disappeared after it was processed which was great because my dad is my sponsor for my account. i used aidacess and paid the full $150, the guy i was with didn’t want to risk not getting the right thing by paying less or using a different website.",TBA,TBA,TBA
r/abortion,"m currently a bit over 20 weeks and ive just found out, i honestly figured id maybe be 17 weeks at most due to having a light period at the start of my pregnancy- but unfortunately not. i have a surgical abortion scheduled for the 21-22 coming up and ill be a couple days past 23 weeks by then. im 17 and no one knows about my pregnancy other than one friend of mine but she doesnt rlly offer any support. ive scrolled a bit trying to find other people who have gone through similar things that i will, but i havent seen too many posts abt 2-3 trimester abortions. most of the ones i have seen have it all done in a day, have an induced abortion and/or are in their 20s-30s - not that theyre not comforting or anything i just wanted to make a post abt my situation and maybe get some advice for myself or others that may be in a similar situation.",TBA,TBA,TBA
r/pro-choice,"I'm 17 and my girlfriend is 16. She came to me not too long ago and told me she is pregnant after taking a test, and is scared. We both do not wish to keep it as it will hurt our futures, family, and everyone we know along with ourselves. We spoke about Planned Parenthood, learned MD has to notify a parent (Can be excused by a doctor).

Later in other info pages we read that along the lines if the doctor thinks you're mature enough to make the decision your parents do not have to be notified, if there is a threat of abuse, or if it's not in the girls best interest (clarify anyone?).

Her parent's are lesbian, her mother (man of the house) is ex Military, and current cop in a nasty county of I cannot say. She has never been afraid to show her dominance to my girlfriend, has struck her before, pinned her against walls, and emotionally abused her. Has threatened to kick her out if she gets pregnant. So on and so forth.

It's definitely not in her best interest for her parents to know, and I do believe she is old enough to make a mature decision on her life like this.",TBA,TBA,TBA
r/pro-choice,Every state should allow minors to get an abortion without their parents permission.,TBA,TBA,TBA
r/pro-choice,Forced gestation for children is child slavery for young girls. No minor can consent to give their organs to a baby,TBA,TBA,TBA
r/pro-choice,"I live in Iowa and I’m so, so, so scared. Iowa won’t have any democratic winning candidates for a while—we’re completely republican. I’m only 16 and I’m so scared about what these people are gonna try to do to my body. I don’t want my contraceptives taken from me. I’m so scared and I’m shaking in the middle of class on the verge of tears because I’m so scared. My contraceptives are the only thing that truly help with my menstrual/endometriosis pains and i’ve been considering being sexually active with my bf but now I don’t even want to because I’m so, so scared that I’ll get pregnant. I’m really glad I’m next to Illinois, but I shouldn’t have to be scared about this.",TBA,TBA,TBA
r/pro-choice,"I (17f) am scared that I may be pregnant. For context my boyfriend (18m) is in basic training right now and will graduate in 10 weeks. I am looking for a job, going in Tommorow morning to get a job at a fast food place. My family is complicated in so many ways, but when I was 14 I worked for two years at a small restaurant and had saved over 3.5 k. That is a small sum of money, but it would have helped if it wasn’t stolen from me by my caretaker. My caretaker who I call my grandmother (not related, but my siblings are and I was grouped in with them and taken in anyways) has raised us for most of our lives after our mother gave us up to her after cps finally removed us and my grandmother took us in. I’m grateful for that but she has had a habit of stealing from the family to make ends meet. My other siblings had moved out so it’s only three of us in the house now (me, caretaker, and my sibling). We still struggle financially which also worries me, because I could not afford to raise a child in a two bedroom house, especially since my bedroom is the size of a walk-in closet. My boyfriend, who is the kindest person I’ve ever met, is away so I feel so alone in this. I cant confide in anybody about this, friends or family, since they all spread things like wildfire. I’m terrified of being so alone. I have no money and no car, no way to even get a test. And even if I would take a test and it come back positive, I have no plan to be able to raise the baby. I am very pro choice, and i know what my choice would be, I would have to keep the child. I am infatuated with motherhood, I absolutely love the idea of giving my everything to my baby and raising them to become a strong person with a strong support group, which is what I wanted so deeply growing up. My boyfriend is absolutely my soul mate, and I may be young and naive but he truly is my person. He comes from a kind loving family (I’m going to see them Tomorrow since I still love them and will continue to see them while he’s gone) and they have welcomed me Into their family. Despite all the cultural differences, they have worked hard to include me in everything they do and even try their best to teach me their first language (doing my best to learn since some members cannot speak English). I don’t want them to think less of me or think I’m pulling their son down while he tries to start his life. I’m so ashamed. I don’t want to be seen as a teenager who couldn’t keep her legs closed. We always did it protected, but right before he left the protection broke. I am in birth control, but i had accidentally skipped a day because I had went to bed without taking it because I was exhausted. I am now 16 days late, which is the longest I’ve missed even though I have accidentally skipped it a few times (we were not sexually active at the time) and it was normal. I had did the pregnancy math of if I was pregnant how far along would I be, and it came out to five weeks. I’m a fairly skinny girl, but I have noticed bloating like crazy, I haven’t stopped eating, and last night I cried over craving fried dumplings and not being able to eat them. I had also thrown up in the morning a few times and feel so weak and sickly. And other tmi details about bodily functions that don’t point to good signs. I love my boyfriend, and we had wanted kids in the future after we settled down and could afford it. I don’t know what to do, I’m hoping it’s not what it seems and that I’ll get a negative and my period, but what do I do if I get the positive? I don’t want to ruin my life plans, it’s my last year of high school, and my bfs first year of the military. What do I do?",TBA,TBA,TBA