Sub-Reddit,Minor in a Restrictive State (COMPLETE),Surgical Care (COMPLETE),Medical Abortion (COMPLETE),Emotional Support (COMPLETE),,
r/pro-life,"im a little hesitant with a 9 year old getting pregnant after all, its probably a lot less safe for her body because
she's not in puberty yet (9 year olds can get pregnant but rare). how should we support 9 year olds that are
pregnant? would it be acceptable to have an abortion? or would it not fix the problem?","I am an 18 year old in high school and I got a positive pregancy test on day 29 of my cycle (so as soon as I could possibly know, I was as responsible as possible with testing early) and I'm booked for a surgical abortion in a week and a half, so it would be at 6 weeks gestation and 4 weeks from conception. I feel awful. I have my own personal cut off points for how many weeks I feel okay aborting at, and this is within what my preconceived (no pun intended) ""okay zone"" is for how many weeks, but I still feel completely awful. I'm not here to be convinced of anything, but I was wanting to ask if the awful feeling is part of the premise of your guys's beliefs, and if so that would help me understand those views better. I mean as in, do you share that feeling and is that part of why you hold those views

Edit: if you've made a comment urging me to change my mind, I haven't replied to it, or part of your comment involves that and I haven't replied to it, I mean no disrespect in not responding, I'm simply very clear about not engaging a conversation about that on here. I'm still taking in what is being said","Abortion pills, WHEN USED IN CASES OF MEDICAL NECESSITY, pass the double effect principle.

Mifepristone works by causing the placenta or trophoblast (depending on gestation) to detach from the uterus as it causes the uterine lining to break down. In other words, the baby passes away from being DETATCHED from the mother, the same as if you went in surgically and cut the placenta off, not through poison or physical trauma. The chemicals in it also make the uterus more sensitive to labor induction medications! The second pill expels everything through contractions.

This regimen of pills is MORE EFFECTIVE than just inducing contractions alone, which is important in medical emergencies!!!! BANNING USE OF MIFEPRISTONE & INSISTING ON ONLY LABOR PILLS * FOR MEDICAL EMERGENCIES* RESULTS IN HIGHER RATES OF RETAINING PARTS OR ALL OF THE PREGNANCY TISSUES, REQUIRING HIGHER RATES OF SURGICAL INTERVENTION (WHICH WE DO NOT WANT) & MORE DANGER IN EMERGENCIES AS TREATMENT IS NOW DELAYED.

Because of this, it's very important we support abortion pills being able to be provided for medical emergencies. I have seen too many (esp. abolitionist) groups want the first pill to not be allowed even in medical emergencies & restrict the medications allowed to save the mother's life.","i’m from america. my opinion is that abortion is murder. i didn’t used to have this view, but since becoming christian last year i realized that i was being manipulated into believing fetuses were not human, mostly out of fear of being rejected (i live in a very leftist state). however, im not convinced it should be illegal.

i think most of us agree robbing people is bad. my opinion is that the point of the law is to prevent overall harm, not necessarily to punish criminals. if punishment is what causes less harm then i think punishment is a good solution, but this doesn’t always seem to be the case. if someone told me that in countries where theft is illegal there’s actually more overall theft, and this was a consistent pattern among most countries, then i would actually want theft to be legal even though i don’t think it should happen. my focus isn’t on the legality but rather on what prevents this from happening the most.

i bring this up because going back to abortion, it has been statistically proven a lot (from what i can find) that in countries where abortions are illegal there’s actually more of them, and vice versa. i really just want to prevent as many babies from dying as possible, and so it seems like legalizing abortion is the best course of action. i’m aware that correlation does not always equal causation, and that the countries with legalized abortion also typically have better sexual education and access to contraceptives, but looking at all other countries it seems impossible to have illegal abortion while also having proper access to sexual education and contraception, and that’s why i believe if we continue to outlaw abortion in every state we will see a decrease in sex ed and contraption availability, which will cause more illegal abortions to happen overall.

if my statistics are wrong or if i’m missing something, please inform me. i just want to know the truth on how to kill the least amount of people as possible. on one hand i feel pro life because i would never get an abortion because i think it’s murder. but on the other hand, i feel pro choice because i don’t think it should be outlawed.",,
r/pro-life,"My coworker who I've become friends with is 17, fresh out of high school and pregnant. I want to tell her that she's going to be okay no matter what happens, and I want to encourage her to consider carrying out the pregnancy and either giving the baby up for adoption or keeping it herself. I want to tell her that even though her parents might be angry with her, that they would be happy and relieved that she would keep the baby as opposed to finding out about an abortion later. I want to tell her that even if she decides to get an abortion, I'll pray for her and I'll try my best to support her through what she's going through. I want to tell her that even though we haven't been friends for long, I would love to help her take care of her baby if she needed it. I want to tell her that if she's worried that her boyfriend will dump her for getting pregnant, then he isn't worth keeping as a boyfriend at all. I want to tell her that even if she got an abortion, there's no guarantee that he will stay and still ""love"" her. I want to tell her that if he really cares about her, then he will stay no matter what happens--and if he doesn't want to support her, then he shouldn't even be in the picture to begin with. I want to tell her that she has friends and family that will support her and that she shouldn't worry about what other people think. I want to tell her that getting pregnant will NOT stop her from going to college, that many young parents go to college and do well in school, and that there are numerous need-based grants that are given out specifically to young parents. I want to tell her not to worry and to trust God and to trust the people in her life that care for her.

",Abortion in conventional political dialogue doesn’t refer to keyhole surgery or D&Cs. Stop redefining what abortion means.,"If the abortion pill is already deemed “safe” and one can pass it off as a miscarriage or stillbirth, then why should it matter if abortion is legal or not? 🤔","I personally find myself on the fence a bit on this issue but I do lean more towards pro-life, especially for second and third trimesters. But one thing I can’t stand is prominent pro-life advocates always lecturing people to never have sex, keep it in your pants, keep your legs closed, etc.

It just rubs me the wrong way because who exactly gave you (not you guys in particular, just saying you in general) the moral authority to tell other people how they should live their own sex lives and what they should or shouldn’t do in their own bedroom? You may think sex outside of marriage is wrong but it’s not illegal last time I checked.

This isn’t in any way to say it’s okay promote one night stands or hookup culture, but sex while taking the basic contraceptives (that should be easily accessible for little to no cost) shouldn’t be seen as a terrible thing in my opinion.",,
r/pro-life,"I'm 16 and I just found out that my now-ex boyfriend got me pregnant. I haven't told anyone besides my best friend yet because I know they'll just want me to abort, especially my parents. I really do want to keep this baby and I don't know what to do. I thought people here might be supportive or have advice. ","I signed up for Reddit just to find a community where I can express my feelings and be understood. I am disturbed and deeply saddened after hearing that a friend of a friend just had a surgical abortion of twins… after taking the abortion pill twice and it not working. To me that was clearly a sign that those children were very much meant to be in this world. And the thought of their lives being ended violently instead just bothers me so much. This was not her first abortion either. She is on birth control… but apparently that’s not enough to keep her from getting pregnant. My friend said that the first time, her body reacted very badly to the pregnancy and it almost killed her. Especially having been pro-choice for a long time, I understand why she would choose abortion. It’s such a complex issue until one comes to view it from a perspective of absolute morality… A life is a life at every stage of development and taking human life is morally unacceptable.

I’m actually surprised at how much it has affected me emotionally to learn about this incident. Is it weird that I’m crying about someone else’s abortion? I’m now feeling that I need to step up and use my voice in the pro-life movement.

I’m nervous to start speaking up about my new conservative views (not just on abortion) because I spent most of my life as a dedicated leftist. But I know I need to.",Abortion pills are the main method of abortion. We need to focus more on abortion pill reversals.,"hello all. a little bit of background info first. semi-rant/semi-looking for help.

i am 26 years old, and my husband is 40yo. i have previously had 3 abortions. i am currently 5 weeks pregnant.

i am really struggling on whether or not i want to keep this pregnancy. this was semi-planned and i really thought i wanted it this time. i was very excited when i found out and told a bunch of people already. now, i am starting to really panic about everything. i have had some pretty miserable days which make everything seem so much darker. every day i feel like i go back and forth between what i want to do. i feel as though i don’t deserve to be pregnant right now because of the way i feel. i dont know if i am someone who should be a mom. i dont know if i can handle labor. i dont have family close by to help me, and my close friends live almost 2 hours away. my husband already said that this will be 75% my responsibility because of his work hours. i dont know if we could afford childcare for me to go back to work, or if we could afford for me to be a stay at home mom. i am so stressed out and i don’t know what to do. someone please tell me this is my hormones messing with me and things will get better. i dont want to have another abortion, but i also don’t know if I’m ready for this. everything sounds so good until it becomes a reality.",,
r/pro-life,I know this is a question thats been asked alot but if a teen gets pregnant should we force her to give birth when their bodies are hardly developed. There was once a 5 year old girl who got pregant. Do we draw a line on age. And I know the cirumcstances dosent determine the value but what about them when they are too young for this. Its one of the things pro lifers get absolutely hated for. And what if minors were to get raped. I mean do we have any moral justification for this.,"In the past, lobotomies and forced sterilization were considered to be healthcare. Just because doctors perform abortions, doesn't mean they're not murdering an innocent child.",Who cares if it’s a baby fuck them kids” Also “I might just slip abortion pills into your food then and see how you like not having a choice” (proabortion roommate said to pregnant me after finding out i was PL),"I mean, seriously, this is a part of you. It is half you. This beautiful being growing inside you doesn't even know what trust is but it unconsciously has to in order to survive.

But more importantly, that's the exact reason abortion is so sad: you're killing a part of yourself. Sure it's not cutting an arm off or removing an organ but it definitely holds the same weight, and I would argue weighs heavier.

But here's my greatest gripe: animals will mourn and experience genuine emotional pain at the death of a loved one. A good example being swans who some believe can actually die of heartbreak if their spouse or children die. Wolves will also go into a state of mourning, their howls changing and a lack of eating may occur. Whales, dolphins, elephants all experience the same level of grief.

Look at domesticated animals, ones that bonded with eachother and see how they mourn the loss of one or the other.

Now, I hate making this point because I rarely appreciate emotional pleas, but upon realizing this it really did strike a cord with me. If these animals can recognize the death of a loved one so emotionally, why have we become so numb to this?

It's a sad situation when a human is reduced to a clump of cells in order to make someone feel better, all while animals in the wild can show a greater love of eachother.
",,
r/pro-life,"I'm not entirely sure how to phrase it but hopefully you understand.

there are instances of young teenagers and even preteens getting pregnant who are below the age of consent and have basically no grasp on what they're doing and the possible consequences. girls can menstruate and potentially be pregnant from as early as 8 (there are rare cases of menstruation starting earlier), should they have to commit to a pregnancy? should they be criminalised for having an abortion for their own safety?","Hi my name is XXXXXXX and this is my story... Almost two yrs ago on November 10,2012 exactly 2 days before my 19 birthday i found out me and my boyfriend were expecting a child after 2 years of dating.I have to admit finding out we were expecting was exciting and terrifying all at the same time.we had always talked about starting a family in the future,getting married etc but never in a million years did we think it would happen so quick and out no where.we had always used protection and the couple of times we didnt we would always buy a plan b pill (day after pill). Well i guess our plan didnt work and bam, we were expecting! I still remember buying the pregnancy test, my body felt so different and i just knew it would come back positive,of course me and my boyfriend werent so economically stable so we went for the 88cent pregnancy test,and just our luck there was none in the aisle but as a worker of the walmart walked by we asked for some assistance and a couple of minutes later the lady worker hands me the test and says ""good luck"". After i heard those words come from the worker my boyfriend and i starred into eachothers eyes and at that moment we both knew what the answer on that test would be.As soon as we got back to my house, i took the test and those two little pink lines came back quick and bright POSITIVE!! So many ideas and plans ran threw our heads, you name it.We didnt waste anytime,that very same monday, accompanied by my boyfriend went into the gynos office to comfirm the pregnancy and the following day (my birthday) went in for a sonogram.My Dr. Told me i was exaclty 5 weeks along,and my baby was very healthy and i have to say seeing my little peanut was one of the greatest gifts i will ever receive for my birthday. We decided very quickly a baby was not for us at the moment,we were madly inlove and still are til the day,but our lifes were just not ready for a child.i had just graduated highschool that summer,my boyfriend had just started working for what he had studied,our lifes were practically just starting.To be honest the main reason we chose abortion was because of my family,i come from a very mexican,catholic family,where teen pregnancy and premarital sex is a total disgrace and shame to the family,and it would just totally destroy my father knowing his youngest child had deceived him in such a way and i didnt want to fail him in such a way.I knew my mom would understand her being a teen mom once in her life aswell and my sisters would be thrilled but not my dad and that just tore me apart. I didnt have an easy pregnancy, i was so tired all the time,i just wanted to sleep all day,my favorite foods were my worst enemy and the morning sickness was the worst,it was non-stop,and just by the new things i would crave i knew my child would be just like his daddy. My boyfriend was with me all the steps of the way,from the belly rubbing,to buying all the new foods i would eat,and just as much as we wanted that baby so badly we knew we just couldnt. On december 15th at almost 12 weeks i went into the surgical procedure at 10:30am. Til this day,it has been the worst day in my almost 21 years of life,the most painful emotionally and the most deceiving to myself and also to my family. they started off by giving me a tranquilizer (xanax) for my nerves and to sooth me a little,after 30 mins they gave me some type of medication that caused me to start cramping and spotting,30 mins after that i was in the room ready for the procedure with my boyfriend by my side, after that all i could really remember is the dr. Between my legs,my boyfriend looking straight into my eyes tearing,holding my hand and with the other holding a bowl because i started gagging wanting to vomit.The noise of that vaccum and the machine announcing my pressure going very low will forever be in my head and just like that in a blink of an eye it was gone. the first couple of hours after were pretty painful but mostly completely heartbreaking,i felt so ashamed,dirty,devestated,words cant even describe what i felt,i felt empty.i went back to normal pretty quick,and i healed good and followed all the drs directions in the dos and donts for after the procedure. but the hard parts came after, ive lost count in the numerous times ive cried myself to sleep blaming me,my boyfriend and even my family. i blame myself for not taking full responsibility for my actions, for creating a child that i knew i couldnt take care of. i blame my boyfriend for helping me create such a beautiful thing that we couldnt keep that we failed to take care of,for helping me make a life and helping me take that same life we created together. and most of all i blame my family,for not being able to talk to them when i most needed them,for being so into there traditions and for raising me and my siblings to thinking that children before marriage is sush a shameful thing to the family. God knows i loved my child since the first day i found out it was in my tummy and that i would have loved to be a mother and raise him/her and love it with all my heart and i know his/her daddy would have tried and given him the world but it just wasnt time for us to be parents.After so much praying,begging for forgiveness from my God and going threw a deep depression and anxiety,two years later i have finally come in peace with my choice and through i know i have sinned i know my god will forgive me one day and i know one day i will be able to be a mommy to a beautiful child though i know i do not deserve it. AND PLEASE DO NOT JUDGE MY DECESION,I KNOW I HAVE DONE A VERY AWFUL THING BUT IF I COULD GO BACK IN TIME AND BE WHERE ME AND MY BOYFRIEND ARE TODAY WE WOULD HAVE NEVER GIVEN UP OUR CHILD AND WOULD HAVE DONE THE IMPOSSIBLE TO BE A FAMILY AND NOT CARE ABOUT ANYONE ELSE BUT THAT CHILDS LIFE.

And a message to every women thinking about abortion:please do not do it,think of the future of that child and how it would affect you mentally in the long run.","She then proceeds to talk about how she’ll be able to “go to the club” on NYE, and other harsh and rash jokes. I know it may be a coping mechanism for her, but it seems like she feels no remorse or grief. It made me cry thinking about how her poor innocent child is dying, just so she can party. I hope she finds the help she so desperately needs. I just can’t imagine feeling no remorse or pain. How could someone be so heartless & nonchalant with something so serious? Also I’m so confused why someone would post such a vulnerable moment on a social media platform. Validation maybe?","Sometimes I get nervous to debate abortion because I’m worried I’ll get thrown a curve ball I won’t be able to handle. But in the decade or so I’ve been debating pro choice individuals on this online, that has never happened once. Ever. It’s all red-herrings, strawmans, or pure misinformation. And then when you get past all of those, there are a bunch of bad faith analogies that are easy to dismantle because none of them really accurately depict the situation of pregnancy. And then if someone is able to get through all of that, they have to give a good argument for why it is okay to kill a living human being who is dependent on another person through no fault of their own (further than “no fault of their own” actually because of the actions of the pregnant person, except for rape). And I’ve never heard anyone be able to do that without sounding like a complete psychopath who also supports eugenics/infanticide.

Anyways. All this to say, don’t be scared to debate pro-aborts! All of the arguments are smoke.",,
r/abortion,_,"Before my abortion, it helped me a lot to read the detailed experiences of other women so that I had some idea of what to expect. Just wanted to add my experience in case it can help someone else.

 

About a week ago I got my first abortion. I found out that I was pregnant three weeks earlier, so I was almost seven weeks along on the day of my procedure. I went to a clinic in a different state because mine has laws that make getting an abortion more difficult. It was a weekday morning, so there were no protestors outside the clinic. I chose to have a surgical abortion with local anesthetic (which means being awake for the whole thing) so that I could drive myself home. The guy that I slept with knew about the pregnancy and supported my choice to terminate, but he lived too far to be here for the procedure and I didn't want to tell friends or family.

 

After arriving I was given a cup to pee in. I'm assuming they used that to do a pregnancy test. Then they took my blood, and I was sent to an exam room where I had a transvaginal ultrasound done. It was a little uncomfortable, but over pretty quickly. The doctor kept the screen facing away from me. After that, a counselor called me into her office. She verified that the abortion was my decision, reminded me that I could change my mind at any point before the procedure began, and gave me an antibiotic and ibuprofen. After some more time in the waiting room, it was my turn. I took off my pants and got in the stirups. They gave me a shot of Lidocaine to numb things a bit. I brought headphones, hoping I could drown out any sounds, but the doctor said no to that. The nurse offered to hold my hand but I passed on that (I'm a squeezer, didn't want to hurt her).

 

As the doctor began the procedure, he reminded me to focus on my breathing- in through my nose, out through my mouth. Slowly. My discomfort quickly intensified and it felt like I had extremely bad period cramps. The nurse told me to keep breathing and I tried, but I was nearing tears and having trouble. Just when I thought I couldn't take anymore, it was over. The nurse helped me put a giant pad on my underwear and then she brought me into the recovery room. After 30 minutes I was allowed to leave. From start to finish, my visit took about two hours. I took the rest of the day to rest in bed and watch movies. Having those stick on heating pads really helped. Almost all of my pregnancy symptoms were gone within a day, except for boob pain. That finally stopped yesterday! It actually took a couple days for the post-procedure bleeding to really get going (along with some cramping). I'm still experiencing light spotting now, but no pain.

 

Overall, I'm really glad that I chose the surgical abortion with local anesthetic. The other women in the recovery room who had general anesthetic seemed to be very groggy, nauseous, and in pain. My recovery was mostly just pain that felt like medium period cramps. But the procedure itself was very uncomfortable and a little overwhelming, and I can see how it would be pretty upsetting for some women. Prior to the abortion, I had moments where I had some doubts, even though I knew it was the right decision for me. I was expecting to feel sad after the procedure, but all I felt was relief (and a bit sore). Everyone is going to react differently, and it may help you to have a friend or loved one that you can reach out to for emotional support.

 

Some tips that helped me- wear socks, wear pants that are easy to slip in and out of, bring a book because you will be waiting and you may not be able to use your phone at certain points, and have heating pads ready at home. The disposable ones worked well for me. Oh also, if you don't have a thermometer at home, you may want to pick a cheap one up before your appointment. The clinic told me to check my temperature every evening and morning for five days, so I had to stop at CVS to buy one on my way home.","Sorry in advance if I scare anyone but I was one of the unlucky ones who experienced extreme pain.

My Flo app said I was 6 weeks pregnant but the social worker said I was 8 (threw me for a loop) Ultrasound ended up confirming 6 weeks.

Nurse gives me the medical abortion Rx at the ultrasound appointment and I felt overwhelmed and emotional. It all felt too fast. But I knew deep down it was the right decision to make.

I took the step 1 pill on Tuesday and felt very emotional that I began the process.

Yesterday: NO ROOM FOR EMOTIONS. here we go

Pain prep: Took 2 Advils one hour before the step 2 pills. Then took my dogs for a walk (figured I wouldn’t be getting exercise for a while). Then I took 3 T3’s (codeine, Tylenol, caffeine combo) 30 minutes before the step 2 pill. Also had my electric heating pad handy.

(24 hours after step 1 pill) I took the 4 step 2 pills by putting it in my cheeks and letting them dissolve for 30 minutes in the cheeks, then swallowed them. At this point my 3 codeine pills were kicking in which I can only describe made me feel calm and like a “fuck it, I don’t care” attitude. I felt slight cramping but nothing bad.

TMI: pregnancy gave me the worst constipation. I hadn’t been able to poop for 2 days prior to the abortion so I was very excited to read on here that you guys had diarrhea. I was so ready to poop again.

Two hours in I felt pressure and went to the bathroom and out plopped my first round tissue the size of a toonie. I was sad I couldn’t see what it was because it wanted to see it. It disappeared in the hole in the toilet bowl. I actually wanted to see the embryo to make sure I passed it but it flew out of me so fast. No pain when this one came out. I started getting chills and then sweats as my body warmed itself up to endure the upcoming doom hours.

HERES WHERE THINGS GET REAL: Pain increased over the next 2 hours. So I was desperately waiting for the opportunity to take more pain meds at hour 3.5 but could only take them 4 hours apart. I ended up saying fuck it and took 2 more T3s 20 minutes early (I bet that’s fine). All of a sudden it was a 12/10 pain scale at this point as the codeine and Advil had worn off and it would take about a half hour for the next dose to kick in. My body then went into shock: Contractions were NOT FUN. I passed about 4 clots during this hour. One was about the length of a ping pong ball. And TMI (again): my body forced out 4 hardish poops that were not fun to pass. I must have been so backed up! I was sad about not having diarrhea like everyone else (honestly I was so sick of having hard poops) But I kept telling myself “at least you’re finally pooping again”.

At it’s peak my body would get chills, I thought I lost consciousness twice and my pinky and ring fingers started tingling. Then I lost feeling in my hands. Screaming and moaning all the while. Quickly after I then lost feeling in my toes and feet. Loosing feeling in my extremities was short lived probably like 3 minutes tops. And I think I may have passed out a third time. My partner got home from work at this point to see me at my absolute worst. Poor man. He seemed quite distressed and wanted to take me to the hospital but I refused because I was in too much pain to get off the bathroom floor. Hour 5-6 was hellish. I was scared I wasn’t going to pass enough of the tissue because I was laying down and seemed to pass more of it when on the toilet. But could not physically move from the bathroom floor to the toilet at this point.

Once I was able to move from the floor my boyfriend fed me two more Advils and drew me a hot shower and laid me down in it. My extremities were freezing and I started to shiver uncontrollably and like almost convulse. He put my bath pillow on the tub wall behind my head and wrapped me in a flannel winter sheet. Felt sorta silly to be wrapped in a blanket in the shower but it was needed. He put on a YouTube video of like 3 hours of serene calming music and it was honestly really really nice. I think it saved me. It calmed my anxiety so much. I tried to take deep breaths but sometimes that felt futile. The only thing that seemed to help was moaning loudly and screaming “no no no no no” lol. At this point those 2 T3’s felt like they did Jack shit. Maybe because my initial dose was higher. I regretted taking 3 back when the pain was not as bad.

I didn’t want to get out of the shower. I felt so entranced and it provided a lot of emotional and physical relief. But after like an hour the water started to get cold and I kept asking my partner to turn it up but we eventually ran out of hot water (gasp no) along came the shivers again and discomfort at being cold. He had me dry off and got me into pjs. Put the speaker with the meditation/serene music in the bedroom and had me lay down on the bed with the electric heating pad. He put on a garbage tv show on his tablet for me to watch called love island and as I laughed at his choice of tv show to put on for me I got weirdly into it and didn’t turn it off. A couple hours later the cramps were not as bad and eventually felt like bad period cramps. I got my appetite back at 8pm and he made me chicken noodle soup. I ate crackers.

So I took my step 2 pill at 1:30pm and stopped feeling intense cramping at about 8pm and the moderate to normal cramping lasted until about 12am. The worst part was hour 5-6 which was intense very very painful cramps. I felt so relieved to have it over with. I felt strong that I overcame that. I felt empowered and for the first time in my life, glad to be a woman weirdly. We are SO STRONG.

Update: I ended up having an incomplete abortion (retained sac) so now I need an SA or wait and see if I pass it naturally. Really wish I didn’t go the pill route now. All that torture for nothing…. I did it because I wanted to avoid an invasive procedure. Now I’ll probably need it either way. :( I’m terrified of the D&C because they told me I’ll need to take misoprostol again to soften my uterus!!!!! FUCK!!!!My uterus is retroverted so I’m wondering if the abnormal shape had anything to do with it being incomplete.","It hurts to be able to write this since I wanted my baby so bad and loved him so much. But I also didn't want to be pregnant or be a mother right now. I know I'm not ready. I know I COULD have done it and pushed through, but that's just not the life I wanted for myself right now and it's not what would have been fair to me. It's been so incredibly difficult and traumatic these past 3 months... not knowing what's going to happen... what I want. Thinking that 24/7. Having HG. Sometimes it felt like it would just be better to not be here anymore than to have to make a decision. But today I made my decision after 3 months of knowing I was pregnant and started the dilation process.

I almost didn't do it today. I kept saying I was going to back out at any moment and I was always reminded that that would've been okay too. I ended being the last person seen since I kept hesitating. But i did it. I immediately felt relief when I woke up, but now I feel confused. I know it's normal since these are such complex feelings, but I keep wondering if I made the right decision. If maybe I shouldn't have done this. I'm worried I'll never be happy again. I'm worried I'll feel regret tomorrow or later on. I just feel so confused. Part of me is glad I did it, but another part is still unsure of what I did.

I hope I will be okay. I have trouble trusting my judgement. I wish I could trust that I made the right decision for myself. I just need some comfort/advice/reassurance. Anything that helps. And I hope this helps anybody out there that has been in my same lengthy, indecisive position. 💛💛💛",,
r/abortion,"Hello, I am 19 years old and my 15 year old sister trusted me enough to tell me she is pregnant. I am very scared but I can’t show that to her because she is already mortified about what she has done.

For preface: we live in MO and could travel to KS if needed. This goal of this post is to get some kind of information on how to do this safely without having to tell our parents. I am prepared to do literally anything for her. This experience is causing her to have suicidal thoughts, crippling anxiety, and extreme depression. All of which she already had before this. I need help. I am desperate. I do not want to lose my baby sister.

Please please please message me or comment. This is the first time I’ve posted on Reddit so I don’t completely understand the messaging aspect. PLEASE GIVE ME ANY INFO.

Thank you all <3","Hi friends. First, thank you all so much for the support I received after sharing this post.

My abortion decision was not an easy one. I went back-and-forth on keeping the baby many, many times with my partner. Ultimately, we still opted for abortion, but we did have a lot of very meaningful and raw conversations that have led us to an understanding that we do eventually want kids - and that's coming from two initially childfree people.

I just finished my surgical abortion. I was 5 weeks and 4 days along, so it was a very early pregnancy. I was absolutely terrified heading into the Planned Parenthood. I had read so many horror stories about the excruciating pain some folks have experienced during surgical abortion. I truly went into this abortion believing I would leave with severe medical trauma and that I would be screaming the entire time. I have some medical trauma already following a horrific experience with my abusive ex in which he abandoned me during a PERK kit at the hospital for 12 hours.

I went in for my abortion at 9am. I initially believed I would have the option for twilight sedation, but the clinic actually didn't offer that. I decided to go through with it anyway. They performed a transvaginal ultrasound, and then awhile later came in to deliver a few medications. I took 2 ibuprofens, 2 doxycycline pills, 1 anti-nausea pill, and 2 Valiums. I actually ended up pretty spacey following the Valium, which I think in part was due to me having fasted for 12 hours prior to the procedure since I had initially believed I would be receiving anesthesia.

A few things about me: I am very prone to fainting in medical settings. I have medical trauma. I have, fortunately, never experienced painful pap smears or pelvic exams.

After taking the Valium, I changed into a gown and a team came in to greet me. I had a midwife for support, the doctor, and a medical student who was observing me. I had elected for the medical student to join me as I am a teacher, and I actually really liked the opportunity to serve their learning.

The care team was fantastic. They explained the entire process to me throughout, though they had emphasized that I had the option not to receive that information. I did tell them to start without telling me, though.

First, they inserted the speculum, which was painless and I experienced zero discomfort. I then received four shots of lidocaine. They mentioned I may experience ringing in my ears and/or a metallic taste in my mouth, both of which would be normal, but I didn't experience either. The first lidocaine injection was painless, and the pain increased with each injection, but it was an extremely brief, sharp prick. I would probably rate the worst of the shots as a 4/10. I have sat for three hour long tattoos without breaks, and it actually felt quite similar to that first prick of a tattoo needle. It was extremely manageable.

They then inserted the dilation rod. Due to this being an early pregnancy, I was only dilated to about 7mm. This caused some immediate cramping, which I expected. It truly did not feel that bad. It was uncomfortable, but brief; I was mostly just surprised by how immediate the cramping was. It wasn't anything crazy. I mostly felt the cramping right above my pubic mound and then down my upper thighs and lower back. It truly was cramps, though, not sharp pains.

Finally, they began the suction, which was uncomfortable, but still manageable. I would say the worst of it was a 5/10. I was talking to the doctors and my partner throughout. My partner was a fucking angel; he sat with me the whole time and held my hand and told me I was doing so well. I was able to articulate the discomfort, but there was never a moment where I felt the need to cry out. Right when it started to transition to a 6/10 on the pain scale, the procedure was over. The whole thing lasted maybe 4 minutes. I was still experiencing cramping in my legs, lower back, and pubic mound, but nothing crazy. They removed the speculum and had me sit with the midwife for about ten minutes.

Eventually, I got clothed and went to the recovery room where I spoke with a doctor about aftercare. We did a pad check and I had extremely minimal bleeding - nothing even close to my usual periods, and I do not have severe periods to begin with. Once I stood up, I actually stopped feeling any cramping at all. I was definitely still woozy from the Valium and stress, but my blood pressure was right back to where it had been prior to the procedure.

I left about 20 minutes after the procedure. My partner had to support me to the car, and we went to Starbucks for some snacks.

The whole process took about 3 and a half hours, including check-in and waiting. At one point, after taking the Valium and while waiting for the doctor, I actually fell asleep while my partner massaged my feet.

I'm home now with a heating pad, and I'm experiencing zero pain. I am mostly just groggy and fatigued. I am genuinely so shocked by how easy and painless the procedure was.

I am emotionally pretty all over the place, but I am shocked by the sense of relief I am experiencing. I wanted this pregnancy, I really did, but I am relieved to have gotten through it. I know I still have a lot to process emotionally, and I've set up a therapy session for later this week.

But I wanted to share this because I was utterly convinced this would be the most traumatic experience of my life, and it was honestly less physically daunting than receiving a crown at the dentist. Emotionally, it's tough, and I fully expect to go through a lot of grieving, but I know this was a decision made out of love for my future baby, my partner, and myself.

I am so grateful to have had this procedure done in Washington. I encountered zero pushback against my decision throughout this entire process. My doctors supported every decision I made, and they assured me at each step that I could walk back my decision if I so chose. My partner told me, repeatedly, that we could leave the clinic at any moment. I am so grateful to be surrounded by that much care and love. I just know that when we do have a baby, a planned baby, that same care will exist. I really hope this can help even one person who was as terrified as I was.

Truly, I walked into that clinic referring to it as ""my execution."" But it wasn't. It was okay. I am okay. I am sad, but I am okay.","I had my medical abortion in September. Turns out my best friend was pregnant too. She kept hers. River will be born soon and I can’t wait to meet her.

I thought I’d feel bad but truly I’m stoked to have another niece and relieved that it isn’t me. I wasn’t ready. I’m still not. I’ve gotten worse mentally but I can appreciate that I didn’t bring someone else into this. At most I’m mildly curious some days about how things would have been just cause we ended up pregnant at the same time. Mostly Im just so thankful I made the choice I did. It wasn’t my time. May never will be my time. Or maybe it will.

Thought we could use a story with a happy ending. It feels so intense now, but I promise, you don’t have to feel bad after. Or maybe you will and that’s ok. Either way, you’ll be ok.","Hi everyone!

I'm writing to here because I really have no one to talk to and just reading other posts to find some comfort but I'd like to share my personal story to put it out...

I'm a F/28. I've never wanted kids, even since I can remember, I've been crazy afraid to get pregnant ever and I used to be very careful, always used condoms only, because I'm against hormonal anticoncepcional.

In my current long term relationship I let loose, my boyfriend many times tried to have sex without condoms, I was afraid, but with time I got more relaxed and started to go with the pull out method, which was going perfectly for more than a year, he NEVER ejaculated inside me. Maybe two times had a very close moment, but to really cum, it never happened. And still, I got pregnant probably in one of those moments...

We were living together, but I went abroad to work so when I found out about this I was already far away. I first thought I didn't have a normal period because of the lifestyle changes and stress, but the next month I couldn't ignore more and both tests gave positive.

I told him ever since the beginning I never want to have kids and if anything goes wrong the only option is abortion. His ex girlfriend also had abortions and I think this didn't affect him well. He would like to have kids if I ever change my mind, but for the moment he also didn't think it's a good moment, and from my side there was no questions.

On the day I found out in the morning I already went to a private clinic, I'm in a country where abortion is legal, but the process is difficult by public hospital. I didn't think of anything just to fix this, as soon as it's possible. So the day I went as emergency, they could check, turned out it's been 10 weeks (gestational age, but the real should have been around 8 weeks). I only had the option for surgical abortion. They arranged already for the next morning.

I felt almost nothing, like no cramps, just light bleeding after and it all seems like it was just a bad nightmare. Because I did all so quickly, it's like it has never happened.

I felt a huge relief after, even during these weeks I felt almost nothing different, only my appetite changed and I was a bit emotional. But physically nothing. I feel this whole situation so weird. Though, in one moment I calculated what time it would have be born if I kept, but I never went in the direction of keeping it, I'm very strong about not having kids, and if ever, not in this age.

I felt and still feel very stupid this could happen to me. I always judged people who 'accidentally' got pregnant, when they were simply not using protection and then I fall into this group and now this feeling is hunting me.

I feel also so bad I had to pay my whole monthly salary for this process, even though my bf will give me half of it, but he wants to give back in another way, not to feel like he financed to have an abortion. He doesn't 'like' it, but he has always been supportive and never questioned my decision about this, respecting what I chose. Still, it just feels like a huge punch in the face from the universe to learn my lesson because it cost a lot of money if I'm being careless...

I realized my bf is not so well, which is a bit like funny, since it's been me who had to go through this all alone in a country where I'm alone and cannot let anyone know about this. We've been talking everyday, and he's been telling me that nothing changed and this won't change anything about our relationship, but he's been very not well these days, without sleep and feeling horrible, and I'm afraid it affects him more than he admits. I, since the abortion was done I'm back to my normal life, there's nothing to grieve for me or feeling anything towards this, this whole situation was not even supposed to happen with me so I'm just happy it's over.

I'm afraid how this is gonna affect on the relationship or the sexual part of it, at the moment it's really difficult since we're long distance. But I got so afraid of this happening with me again, and I don't know how I'll be able to handle it.

I wouldn't want to use condoms again, I've been thinking to try having a non hormonal IUD, but it's a 50-50 thing so I'm afraid if it doesn't go well. I'm pretty sure I don't want kids ever but I still feel too much of a big step to get sterilized.

I don't know what I'm actually looking for in here, I just really needed to write these out, if anyone can relate to my story, has anything to advise or just some support, I'm happy to hear. I read so many stories and experiences of other people. Maybe mine can also help someone.

Maybe with time I can talk to someone I know about this, but at this moment, except him no one knows about it and it's been very hard on me to go through this alone.

Thank you for your time to read and if you are going through something similar, you're not alone ❤️",,
r/abortion,"I found out I was 26 weeks pregnant. I don’t know what to do and I didn’t know how to feel and even though I had barely found out I already had so much love for my baby, but I knew that the right thing to not have it because of my family, and I know that they would disown me and that they would probably not talk to me or maybe even send me to live far away just so that I won’t be an embarrassment to them, so I decided to fix it. I told my boyfriend and I told my two older brothers and their girlfriends even some of my teachers ended up finding out due to me not doing well in school or having a step out of the classroom to make phone calls. I was referred to another clinic by Planned Parenthood because they said I was too far along thankfully there was one not too far away, but I had to stay there for three days because of how lengthy the procedure is I was terrified only because I didn’t have anyone there besides my boyfriend and we’re both under age. I thought I was the worst person ever because I know I would miss my freedom if I did have the baby, but then again I’ve always dreamed of becoming a mom. I thought I was so selfish and I felt disgusted with myself, but since I had my boyfriend and he was there to reassure me, everything felt fine. The first day there there was like these matchstick sort of rods put inside of me and they put around seven. The next day went again and it took around 20 minutes. They had ended up putting more of those sticks inside of me and I was under anesthesia The next day I went under anesthesia again this time everything was over and I was bleeding the anesthesia for great honestly it helped a lot that way I couldn’t remember anything. It felt quick. Felt like as soon as I had gone to sleep I woke up the next second as nothing happened, on my way home I felt a little sad but relieved. I know that this will be a story that I will tell my future kids so that they can be aware of consequences and if it ever were happened to them I support them and help them with anything that they need. I know that right now I feel fine but within time. i know ill feel a little sad, but that’s OK because I know that’s part of the healing process.","I had an abortion the month I turned 15. I had been dating my first love for two years when I found out I was pregnant. I immediately knew my only option was abortion. I grew up with a young mom and my life was hell. There was no way they would have a good life with 15 year old me. I told my boyfriend and he agreed abortion would be best. The problem was, I needed permission from my guardian to have one. My mom is completely against that, so is the rest of my family. My sister tried googling natural ways to induce an abortion. She found that putting parsley up there could cause one. She had me try that and it didn’t work. It was so disgusting. I can never smell or eat parsley again. We had to get a judicial bypass from a judge to be able to allow planned parenthood to give me one. I sat in a room with a judge (it was a female thank god) and she asked me questions about myself and my life. I was so scared. She granted it and I was able to move forward with it and I was so relieved. So many Dr appointments me and my sister had to skip school for and hide from my mom. They showed me the ultrasound and asked it I wanted to keep a picture & I did. I ended up burning it later I didn’t want my mom to find it. I remember my morning sickness being so bad. I had a cooking class right away in the morning and I would constantly have to go to the bathroom to throw up. The teacher was getting worried about me. When the appointment finally came I was 12 weeks. It was surgical. The nurse was an angel. She stood by my head and rubbed my shoulder the entire time. When it was over all I felt was relief. On the drive home the sunset looked so beautiful and for the first time I felt the presence of a god. I am now 21 years old and I often think about it and how different my life would be but I am so grateful I made that hard choice. I was not mentally ready to care and shape a little human. I am so thankful for my sister, the judge and that angel of a nurse at planned parenthood.","***EDIT: 5-8-23. Yesterday I took the miso pills after taking the 1 mife pill the day before. At first I had terrible chills and shivers, but about 2-3 hours in I started bleeding and had clots. I didn’t have a great time for around 6 hours. I took ibuprofen twice and had a heating pad. The heating pad probably helped more than anything else. And a friend I met on this sub. I can’t tell any of my friends or family, so having someone I could message back and forth with was so life-giving. We went through it at the same time, so knowing I wasn’t alone was the best. I will remember her the rest of my life! Today my breasts are a little less sore, but I am still exhausted. Hopefully that continues to go away.

Hi. I am around 5 weeks pregnant and have a surgical abortion scheduled for next Friday, but mentally I just cannot wait that long to do it. I decided over last weekend I was just going to order some pills online from the Plan C website. They should arrive today or tomorrow. I am waiting for them to arrive. Just for reference, I work in medicine and I am very much a “completionist” by nature. I am not convinced I will feel like it is “complete” and done unless I get an ultrasound 1 week after to make sure. (Especially since I practice medicine and am well aware of the potential for failure, which I know is NOT high, but just knowing is enough to drive me nuts). The problem is, I live in a red state so I don’t even know where I could go to get an ultrasound post MA. There are a lot of abortion clinics in Chicago, which is only a few hours away—so I thought maybe I could make an appointment at one of those to get an ultrasound to see, but I’m not even sure how I would do that. I also thought about calling my OB and telling them I had a miscarriage and maybe they would do some blood work every couple of days to make sure my HCG levels were going down and that would probably help my anxiety? Am I crazy? I feel very teary, and irrational, and I just need someone to give me rational instructions. Thanks.","I recently had a late-term abortion at 23 weeks and 1 day, and I’m struggling with so many emotions.

I didn’t know I was pregnant until 22 weeks because I had no obvious symptoms. I assumed my missed periods were due to PCOS, and I even took a test in November that came back negative. I also always believed I was infertile—my mother had to have injections to conceive me after five years of trying, so I thought I would struggle the same way. Because of that, pregnancy wasn’t even on my mind. By the time I knew, I was already feeling movement and starting to show. It all happened so fast, and I had to make an impossible decision in a short amount of time.

I know I did the right thing, but the grief has hit me harder than I ever expected. I felt her move inside me, I named her in my heart, and I’ve been mourning the future we won’t have together. I know I let her go out of love, but I can’t help feeling heartbroken. I miss her, and the pain feels overwhelming at times.

If you’ve been through something similar, how did you cope? How do you carry the love for a baby you had to say goodbye to, while also finding a way to heal? I just want to hear from others who understand.",,
r/abortion,"i am a 17f student and athlete in south carolina, my parents aren’t super strict but still could not face them and let them know i disappointed them. i found out i was pregnant on 4/19 and ordered my pills on the same day. my period was 8 days late so i was sure that i was pregnant just couldn’t wrap my head around it. the guy i was with brought the pills and i got them delivered to his house. this was a saturday and the pills were set to arrive originally on tuesday but once i placed the order they arrived on monday. they shipped almost immediately after i got approved. the process was very quick, i paid using cash app and the transaction disappeared after it was processed which was great because my dad is my sponsor for my account. i used aidacess and paid the full $150, the guy i was with didn’t want to risk not getting the right thing by paying less or using a different website.","I had an SA over the weekend. The procedure itself was quick and thanks to the sedation I was still awake and aware but didn’t experience intolerable pain. I was monitored for seemingly too short a time before I was rushed out but so far haven’t had any obvious complications. Only light bleeding and a clot the night of, spotting since. Some cramping. Stop here or read on for regret and grief.

I didn’t want this for myself, for my pregnancy. In the waiting room lobby I kept thinking and telling my husband “it deserves better than this”. I had multiple opportunities to walk away including one which the physician asked me directly if I wanted to proceed. I knew I couldn’t back out because I’d still be in the same mental space and would still need to end the pregnancy. It’s been less than 48 hours and I am in impossible emotional pain.

I can’t help but wonder what I would be like if I didn’t enter that mental space. It was the scariest I’ve ever experienced and it was NOT “just the hormones”. I know my hormones still have some settling to do but I am experiencing incredible grief and regret. Regret for the pregnancy, regret that I had to do this because it wouldn’t go out on its own and regret I didn’t want to continue waiting in agony, regret I couldn’t protect it better and that I chose myself over it, regret that I couldn’t be happier about my pregnancy and future motherhood. I regret that this may have been our only chance at our age, and through all the planning and preparations and everything I did with intention to lead us to pregnancy including taking a job I don’t love just for the maternal leave benefits, I couldn’t have predicted my brain.

The pre-abortion counseling was very limited. I attempted calling and using chat functions/email several times but reached no one. The post-abortion care hotlines are even more sparse. Having to wait for the operating hours while in this incredible grief seems impossible. I’m not saying what they’re offering isn’t important, it is. I just haven’t been able to benefit from it during my most dire times. I’ve not had any luck either finding a therapist who specializes in this and can feel comfortable taking on this “type of case”.

Idk what I’m looking for posting here. I feel strongly that I couldn’t have continued the pregnancy but I feel no better off about having it terminated. I guess sharing about this to get it out there is important but if you’re in the same scenario as me, I have no wisdom to share. I have no idea what to do with my life now.","I’m in my early 30’s, married, have a 1.5 year old, and just took a pregnancy test on a whim two days ago that quickly showed me two pink lines. We weren’t expecting this. I’m not even supposed to start until this weekend.

It was the hardest and easiest decision I’ve ever made. It isn’t the right time, no matter how wanted this was supposed to be. The local clinic (thank god somewhere local does this) has a kind staff. They’re booked so I can’t be seen till 3 weeks from now, which will put me at about 6-7 weeks. I’ve decided to go the MA route to get support from my husband at home as I go through this because I can’t do this alone in the clinic, thanks covid. I told one other person I knew I could trust, and my therapist, I can’t tell anyone else.

What hurts the most is the faking it for everyone. A coworker just found out she was pregnant on Friday. She’s excited and happy and I have to tolerate it and hide my issues. I never had morning sickness before, but I have it so bad right now. I’m taking unisom and b6 lozenges to combat nausea. The pretending is killing me even though I had food poisoning this week and can play it off, but only for so long. It’s not fair. It’s not fucking fair.

I love my husband. He’s amazing and supportive and we’re on the same page. But there’s just something he can’t provide and it’s by being a woman/pregnant person going through this. He doesn’t feel the judgement. He doesn’t have to think of something to tell work when I have to call out two days (since my state has a 48 hour waiting period and the clinic told me to expect to wait 4-6 hours each visit) this month to deal with it. He doesn’t have to feel nauseous with food he loved before or feel guilty. Im half tempted to call this a miscarriage and give minor details to work so my coworker can leave me be and grieve even though I know it wasn’t an actual miscarriage. I think I’m trying to disassociate what’s happening but deep down I know this isn’t a “accident” but a deliberate decision.

My therapist said to only tell those who would honor my story. So here I am. Day by day. Grateful for everyone’s stories, wishing things may have been different for some of us. One day I’ll be okay, today isn’t that day and tomorrow is iffy, but to be a better mother and wife, and person, this is what has to happen.

I’ll probably come back and update after the MA. It’s only fair. I want everyone that has to consider this decision to have as many options to go through as they want. I’ll honor your stories.","Hi all- I’m a trans dude (he/they) who had a MA about two months ago. Everything went pretty smoothly and I have absolutely zero regrets about doing it- however recently I’ve been noticing more and more that I have been just kinda… acting weird.

I work in a field where I see families with children very often throughout my day. When I was pregnant I was absolutely terrified seeing or hearing these families, it kind of dissipated with the relief I had following the MA but I’ve started getting nervous and agitated again seeing young children and obviously pregnant women. Even hearing the kids or hearing the way parents talk to their young kids freaks me out. Hearing my friends and coworkers talk about wanting kids also has started to make me feel nervous and scared.

I’ve also started getting absolutely terrified of seeing or hearing about anti abortion stuff. One of my roommates mentioned the plot of an anti abortion movie and I had a panic attack just hearing about it. The worst came a few days ago- I was at our state fair and there was a big table with anti abortion posters and banners and the like. I was luckily with people who knew my situation and they whisked me out of there super fast, I barely saw any of it, but I still ended up panicking to the point that I couldn’t even be in that building and it basically ruined my whole night. Even after I was able to get out of the immediate panic attack and steady my breathing I was having a hard time focusing on anything else and I felt really unable to do anything even for a full day after.

I was wondering if any of yall have had experiences with anxiety like this following your abortions? My partner was saying that she thinks that it’s mostly because it’s super recent and she thinks I’ll get better with time- has that been true for you?",,
r/abortion,"m currently a bit over 20 weeks and ive just found out, i honestly figured id maybe be 17 weeks at most due to having a light period at the start of my pregnancy- but unfortunately not. i have a surgical abortion scheduled for the 21-22 coming up and ill be a couple days past 23 weeks by then. im 17 and no one knows about my pregnancy other than one friend of mine but she doesnt rlly offer any support. ive scrolled a bit trying to find other people who have gone through similar things that i will, but i havent seen too many posts abt 2-3 trimester abortions. most of the ones i have seen have it all done in a day, have an induced abortion and/or are in their 20s-30s - not that theyre not comforting or anything i just wanted to make a post abt my situation and maybe get some advice for myself or others that may be in a similar situation.","I cannot sleep, and I owe this group so much- so I am going to share my story.

I found out I was pregnant by an ER visit. I was 5 weeks when I found out. The first thing I did was call the abortion number to get an appointment. The first one I could get in my state was 3 weeks out. I knew I wanted surgical after doing some research (nothing bad just my preference).

The ""dad"" wasn't helping me pay for the abortion and it was 500$. PP did have the option for financial assistance but I did not qualify. They gave me the number for another funding company (I highly recommend researching these) and the woman I got was SO kind and helped me both fincially and emotionally for weeks. I decided not go keep my appointment at PP. where I live they don't use sedation amd I knew I needed it. The lady I worked with found a clinic in another state that specializes in abortions. And does sedation. As the weeks went on, I felt SO emotional and tired depressed drained you name it. I went back and forth in my choice and felt guilt, and was worried I would feel regret. I cried and cried for weeks.

I posted on this group SO many times. You can see how anxious I was. I was TERRIFIED. I truly didn't know if I could do it. I also questioned myself if this is what I wanted up to the DAY. Because of everything I felt.

So I flew out here to where I am Sunday, and had surgery yesterday. The company paid for everything. My flight my moms flight our hotel my procedure Uber etc.

The day of my procedure I cried. I woke up and cried at Panera bread. Cried in the Uber. I got to the clinic and I had to go on alone. This was scary for me. I waited a bit in the waiting room where there were posters and letters from patients etc. I got brought back for an ultrasound and started crying. The woman helped me a lot. She said we would go at my pace. She never rushed me or made me feel like I was annoying. I asked for a picture of te ultrasound in an envelope that I could look at later.

Then I went to a triage where my hemoglobin and RH were checked. My BP was taken and it was 175/ something. That's how anxious i was. I was hyperventilating. Another nurse came over she was my main comfort person. She talked to me 1:1 as a person and a single mother herself. She asked what I was feeling and I told her the guilt I felt. She reminded me things I told myself when my mind was clear and I knew this is what I wanted. And I calmed down. I then took a lot of pills. Tylenol, gabapentin, ibuprofen, and antibiotic.

After this I waited again for a little. The other nurse got me and started an IV. I asked her to please give me the sedation prior to the doctor coming in the room. She said she would. A few minutes later I got called back. I walked in the room and freaked out. I saw a bed low to the ground with stirrups that were padded and the suction machine and tools etc. most of the tools weren't for me. So don't worry when you see them!

I undressed from the waist down and a pillow was put under my back to help me breathe incase the sedation suppressed it or I fell asleep I think.

My HR was going up and up and up. Finally I got the meds (fentanyl and versed) I was still awake! I remember thinking noooooo. But I felt calmer. The doctor walked in made some jokes he was very nice made me laugh. I didn't feel the shots. I was a little out of it but aware and awake. I believe he started dilation when I felt it. It wasn't as bad as I thought. But I couldn't do it without sedation I'll tell you that. I mean I could but I wouldn't want to. Me personally. It felt like twisting and cramping. They gave me more meds I think twice more but I didnt remember anything after that. I woke up and the doctor was washing his hands and the ladies put me pants on and took me to a recliner with snacks and a drink and a blanket. I was so relaxed. So relieved. I felt a weight was lifted. I had no pain and minimal blood. After a pad check o was able to leave.

I walked around the mall with my mom went shopping ate lunch. I did have cramping at night. I took Tylenol and did a heating pad. I did not sleep well barley at all but I don't know if that's related. My mom said it could be the meds.

I'm not bleeding at all today.

Overall. I do regret being in this situation. But I don't regret what I chose. I loved my baby. I did. And you can do things out of love. I did this for me and my son. And for my baby. I will also love them and cherish and remember. It's not easy. But I thought I wouldn't make it and I did. You can too. I know how you feel being on the other side. You're not alone.","Please don’t give me a list of online mail places I’ve already spent $300 on one just for it to be delayed a week. I cannot spend Christmas like this, I do not wish to spend another day in this state. There is nothing fucking available so if I see a comment about funds or mail places I will rip my fucking hair out. I need to know how to get this baby out of me NOW what can I tell an Emergency room to get them to terminate for me?? Please I need this to end tonight.

Edit, sorry this is a really bitchy post I’m very sick and confused

I see your comments but I can’t read the longer ones and I really want to, so when I wake up I’ll try again (:","I'm 21, I was 20 when I found out I was pregnant. I knew immediately that I couldn't have the baby. We had what we thought was the most effective birth control available. But, as I learned later, my OB inserted my IUD incorrectly, and didn't notice that my uterus is retroverted(not sure if this is the right word; it's flipped over backwards). I go to a private Christian university, and although I am not a Christian myself, I would have been expelled from the school for my pregnancy, as would my partner. He may have lost his job as a teacher at a Christian elementary school. We live in the buckle of the bible belt, as we like to joke, and a child out of wedlock could have upset a lot of our plans and possibly cost us our education and his job.

The closest clinic was two hours away. I took the pill, one there, and 4 at home. That night was terrible, painful. I felt incredibly alone.

But I made it through. I made it through that night. The next day, the next month, and now, a whole year. I still think about it every day. I don't cry as much, but I did today.

I want to go to therapy, but most options where I live are, wouldn't you guess, Christian counseling. I don't know how it would actually go, I haven't, but the fear is crippling. I don't think I could handle someone telling me what I did was sinful/wrong/etc in that setting.

My partner is now my fiancee, a very happy change in this past year.

I'm not sure why I'm posting here. I think I kind of just want to say it, this is me, this is something that I did, something that happened to me. My parents know, my mom was very supportive. She actually had an abortion around the same age I did, something I never knew. My fiancee knows. But no one else. I don't talk about it, and I think that's one of the reasons why I still feel so heavy with it.",,
r/pro-choice,"I'm 17 and my girlfriend is 16. She came to me not too long ago and told me she is pregnant after taking a test, and is scared. We both do not wish to keep it as it will hurt our futures, family, and everyone we know along with ourselves. We spoke about Planned Parenthood, learned MD has to notify a parent (Can be excused by a doctor).

Later in other info pages we read that along the lines if the doctor thinks you're mature enough to make the decision your parents do not have to be notified, if there is a threat of abuse, or if it's not in the girls best interest (clarify anyone?).

Her parent's are lesbian, her mother (man of the house) is ex Military, and current cop in a nasty county of I cannot say. She has never been afraid to show her dominance to my girlfriend, has struck her before, pinned her against walls, and emotionally abused her. Has threatened to kick her out if she gets pregnant. So on and so forth.

It's definitely not in her best interest for her parents to know, and I do believe she is old enough to make a mature decision on her life like this.","I (27f) had a surgical abortion 11 days ago. I was over 21 weeks and it was a complete shock that I was even pregnant let alone that far on, and a very stressful time.

Although the major pain has subsided, I still have a discomfort in my belly and boobs, and have started lactating slightly. Mentally and emotionally I still feel very teary, flat, ashamed, spaced out and a lot more of a nervous version of myself. There's also a lingering feeling of paranoia at times. Anything baby/pregnancy related is still making me very emotional, and even the tenderness of my tummy/chest, alongside the milk, is triggering me into a feeling of sadness and detachment/lack of control of my own body.

I'm still not back at work, as at the moment I don't feel stable enough to be travelling on public transport or advising people for 8 hours of a day. I'm concerned that what I'm feeling isn't normal, or that it's lasting too long, as when I look online, all I can find are posts saying you should be back to normal after a couple days.

TLDR;; Is there anyone out there that had an abortion and was still not back to normal/fit to work after a week?","I am wondering if I were a tourist from overseas in a big Blue American city, are there any clinics that will prescribe and fill the same day?

I realize the alternative is a planCpills.org, telemedicine consult, but that would take a few days.

I am thinking of something where you can drop in pay a fee, see a clinician/prescriber, get a prescription and be back on your way.

Anyone?
Edit:
To be clear, I am asking if anyone already offers this service. I do not need any medicine. I am thinking of an In person advanced provisioning clinic that caters to travelers from either red states and or red countries.","First off I just wanna say im probably the biggest fucking hypocrite right now. I have an appointment for an abortion tomorrow and im fucking scared. I watched a video of the abortion procedures for 1st,2nd,3rd trimester and I fucking ugly cried because how sad it actually is. It doesn’t sit right with me But yet im still going through with getting one because im in no position to have a baby. I can’t give this baby a stable comfortable life and I feel like its fucked up to bring a baby on this earth when sometimes I don’t even wanna be here anymore. Maybe I’m just brainwashed cause of how religious my family is (they do not know of course) but I’m scared I’m going to hell. I feel so far away from God. I guess the point of this post is to see if anyone else has ever been in this situation or if anyone has had a surgical procedure done in the first trimester how was your experience? Is it worse or better than the medication process?? I have a few hours to decide I’m honestly so scared",,
r/pro-choice,Every state should allow minors to get an abortion without their parents permission.,"To anyone who’s had an abortion, was it painful? Anti choicers claim there’s no pain medication given to the women and that it’s “dangerous” for women. But I’ve heard they give numbing medication for a D&E.","It's been over a month since I had a successful medical abortion (MA). I live in the Philippines and it's illegal here. Found a helpful group of women on Facebook and they helped me throughout the process.

I found out I was pregnant last week of January. Dec and Jan are such busy months in my line of work that I couldn't even recall if I had my period for both months. I finally took a pregnancy test and two lines appeared almost instantaneously.

My boyfriend and I are both financially unstable. We're also far from ready to be parents. And tbh, with how the world is turning out, I find it absurd for anyone to subject another human being to this cruelty we call life / living; so we agreed to have it aborted.

Luckily, I am a nursing graduate and a bit knowledgable with the process on how to eliminate birth (I am not a nurse anymore). Since I am still on my first trimester, I know that I can abort it through oral medication. We searched all corners of the internet for the pills needed. Found several websites like Women on Web, Pinsan.ph, and Safe2Choose which led me to likhaan.org. A friend also suggested FPOP Your Hotline Ph, but they don't reply promptly.

My boyfriend and I decided to visit one of the clinics of Likhaan (a day after we got a positive PT). And as expected, they were only giving post-abortion care assistance. Legally, that's the only thing they can offer for help. 🥲

The volunteer from Likhaan was the one who urged me to get a transvaginal ultrasound (TVS). Just so everyone know, you don't need a doctor's referral to get one. A missed period and a positive PT are enough reasons for you to get a TVS.

While waiting for my TVS result, Likhaan volunteer sent me a text referring me to a person who she said can 'help' me with this dilemma. We immediately texted the number. He replied and said he was a doctor and was offering me a surgical procedure. He was really pushy which I find really sketchy. Also, I don't want to opt for a surgical procedure. So we parked that option first.

A few days passed and FPOP Your Hotline replied; I was able to talk to the sweetest nurse over the phone. She wasn't at all judgmental about my decision. Unfortunately, she doesn't have a source for the pills, but she referred me to Fredli's Group of Doctors and gave me the assistant's contact number.

I did find several Rappler articles about Fredli while doing the web rounds before FPOP nurse even mentioned them to us. We contacted the number FPOP nurse gave us and they replied promptly. We didn't proceed with them because they are way out of our budget and the assistant (and all the written documents that they sent over) sounds really rude. But I am not taking that against them, I know they're just extra careful because it is illegal after all.

While all of this was happening, I was also talking to a seller I found on Facebook. She invited me to one of their group chats with other sellers and customers. On the group chat, they post proofs and testimonials; customers may also ask questions. You may observe before purchasing. They eventually gained my trust when several customers on the group chat I messaged privately attested to them.

They have several packages/sets depending on what trimester you're in. They cater up to 6mos of pregnancy, I believe! I purchased the package recommended to me and paid thru Gcash. Received the package next day; it was wrapped in a very discreet manner.

I spent a week for the preparation my seller told me to do before proceeding with the procedure. She told me to do heavy exercises, drink pineapple juice and ginger tea (pinakuluang luya) multiple times daily and several other things I cannot attest to if it did help. I was already on my 7th wk (and 3rd day) when I was fully prepared to undergo the MA procedure.

The set I got has 6 Misoprostol (Cytotec), 4 Mifepristone, and 6 Methergine. My seller guided me throughout the procedure via chat and gc. The procedure was overall ok except for the part that I needed to hold for several hours to what seems like a very watery poop. The cramps during the procedure was very tolerable for me as well. Had a mild fever on the first few hours. On my fifth hour of taking the meds, I was able push the fetus out along with the placenta (I can send you a photo if you're not that squeamish). Hehe!

Post-abortion was way worse than the procedure itself. I never had dysmenorrhea in my entire womanhood. I have a high tolerance for pain as well, but those cramps post-abortion kept me in bed for several days. The pain was so painful I had to take Ibuprofen for it. The bleeding was also intermittent. I was blood/spotting-free after 3-4wks.

It has been a month and a week now since I had a successful medical abortion. I just took another PT this morning, and it is now negative. I am also on my first day of period since I had an abortion. Yey!

FYI: You should take a PT after 3-4wks of a successful MA, and it should be negative.

I never fully realized how compromised we are as women with the current laws we have for women's reproductive health until I got pregnant and needed abortion. MA is such a simple and safe procedure and yet we are not provided with that choice in our country just because 🤷🏻‍♀️.

I hope noone has to go through this same experience, but if ever you're in one, don't hesitate to message me. I more than willing to help.

P.S. Happy Women's Month!","It’s been almost 2 weeks after my medical and surgical abortion. (My medical abortion failed so i decided to get surgical) After my surgical abortion, there was only tissues that came out of me. I didn’t see any fetus/embryo its just tissues and the blood was super light.

After the abortion i didn’t bleed up until now. I didn’t have my period at all. My breast are still kinda swollen, and its weird because i’m being nauseous these past few days. Was my abortion failed? What should i feel? :(",,
r/pro-choice,Forced gestation for children is child slavery for young girls. No minor can consent to give their organs to a baby,"I was arguing with a pro lifer the other day and they had an analogy that I’m trying to understand. They were arguing against the morality I assume. Essentially she’s semi against medical abortions for things like ectopic pregnancies because of how they are done. She said there is one procedure where they purposely go in targeting the fetus to kill it before they end the pregnancy. She gave this analogy

“If 2 kids are drowning and you try everything to save both of them but only end up saving one it’s not your fault that the other kid died is it? Since you tried everything to save both of them.

But if you knew you couldn’t save both of them so instead of just saving the one kid you push the other kids head down in the water and drown him for a quicker death. Is the kids death now your fault? Even if they were going to die anyways?”

I’m trying to understand how this relates to abortion but I’m assuming she’s saying that abortion medical procedures go in with the intent to kill the fetus first then end the pregnancy arguing that’s it’s morally wrong and that it’s not okay because you are purposely going in with the intent to end of life instead of ending a pregnancy with the consequence of the fetus dying?

I’m not sure where she was going with this but I honestly don’t think morality is relevant to the discussion of abortion","Trump's pick for FDA, Makary dropping ‘coercion,’ along with a line about doctors wanting to see patients in-person before prescribing the pills, is a good indication that he’ll restore the FDA’s pre-2016 rules for mifepristone. Those guidelines would only allow abortion medication to be prescribed during an in-person visit, limit its use to up to 7 weeks of pregnancy instead of 10, and restrict prescriptions to doctors (as opposed to other providers like nurse practitioners or physician assistants).","I’m feeling so disheartened with roe v wade likely being overturned. And just doing the work in a very busy clinic has me/the entire staff so burned out. I’m overwhelmed, I’m stressed out, and I’m frightened about the future of the country. If anyone has moment to share any positive insights or their own experiences, it would really be amazing.

ETA:

Thank you all so so much for your kind words. I’m sorry I haven’t replied individually, it was a long day today. I appreciate all of your kindness and support. I didn’t expect this. It’s deeply appreciated.",,
r/pro-choice,"I live in Iowa and I’m so, so, so scared. Iowa won’t have any democratic winning candidates for a while—we’re completely republican. I’m only 16 and I’m so scared about what these people are gonna try to do to my body. I don’t want my contraceptives taken from me. I’m so scared and I’m shaking in the middle of class on the verge of tears because I’m so scared. My contraceptives are the only thing that truly help with my menstrual/endometriosis pains and i’ve been considering being sexually active with my bf but now I don’t even want to because I’m so, so scared that I’ll get pregnant. I’m really glad I’m next to Illinois, but I shouldn’t have to be scared about this.","I met my girlfriend through online dating. She's in her late 20's and i'm in my early 30's. We are both educated, middle-class Americans living in a major metro area in the US.

We both have some emotional baggage, and have had some regular ups and downs that come with any relationship, but this woman is amazing. She is everything that I want in a partner and a friend.

She has the Paragard IUD. The copper-based one that is hormone free and boasts 99.4% efficacy.

http://www.drugs.com/pro/paragard.html

The stats are in line with female sterilizaton surgery. You are about as likely to get pregnant on Paragard as you are if you've had your tubes tied surgically.

We were a responsible couple, and we enjoyed amazing, mind-blowing sex together. Easily the best of my life.

We are just 3 months into the relationship, and I get a phone call. She's pregnant. I am flabbergasted. The only words I can muster are ""how did it fail? is it still in place? I don't understand...""

We had had ""the talk"" before having sex about abortion. We were both very pro-choice but she personally felt that if she ever conceived that she would keep the baby. It was her own beliefs. She doesn't want kids, but if it happened she felt like she would transition to motherhood and raise her child.

Then we became the 0.6%... We have only been together for 3 months. We don't live together. We both have jobs and she has a career. Neither of us feel ready for this.

During this whole process, i'm torn between wanting to support her decision, and wanting to keep my life in tact. I was an abused child and one of my greatest fears is fatherhood and failing to raise a child myself.

I try to stay neutral. I don't tell her what I want because i don't want to influence her decision. The last thing I would want is for her to feel like she has to do it for me.

After a few emotional phone conversations, she decides that she wants to get an abortion.

She makes the appointment. It is a week away. Throughout this week we break up twice because she feels that i'm not emotionally supporting her. We go through a volley of texting and phone calls and emails with rage, frustration and tears just trying to understand the situation and understand one another.

She has conflicting views on what she is doing. She feels selfish. She feels like she is killing something. She feels alone. She feels cornered.

I feel powerless.

The day finally arrives. Somehow we have managed to stop fighting long enough to come together in this moment and go. We arrive at the Clinic. It is just like any other clinic. You sit down and fill out paperwork, and wait your turn to be called.

That is when it changes. When your name is called you don't go see the doctor and talk about your concerns or get some minor outpatient procedure done. There are many more steps.

The first step is you go to the second waiting room. You take the elevator down into the basement and you see a dozen women waiting for the same procedure. Some are with their boyfriends, some are with their friends, one was with her mom, a few are all alone.

This is when i realized that we aren't ""just downstairs"" in a building. This is a fucking bunker. They deliberately put the clinic underground to defend peoples lives from a crazy person with a car bomb. It is such a sad state of affairs that this has to be this way.

This was the hardest part for me. As I felt a deep want to talk to her, to say something, anything, to take our minds off of the anxiety of the unknown, and what lies beyond those doors for her. Instead we sat in the waiting room speechless.

The clinic doesn't make it any easier for you either. Men are not allowed to go with the women to any of the stages. I can imagine this is another security precaution to prevent a psychopath from getting into the wrong area.

And the waiting... oh god the waiting. Some of these women are very conflicted about what they are doing.

Here's how it actually goes:

You get paperwork

You wait

They call your name

You go downstairs

You wait

You get bloodwork done to make sure you're not anemic

You wait

You get counseling to make sure you want to do it

You wait

You get called to the back and the procedure is done.

In all, it took an excruciating 5 hours and 30 minutes. Of that, about 20 minutes was actual care. I cannot imagine the psychological harm that sitting in that waiting room can cause women. I was losing my mind just watching powerlessly as my girlfriend glowed with white-hot anxiety. I can't even imagine what it was like for her.

We are still going through the aftermath. It has only been a few days. She is still rapt with guilt. She has started to tell me about the experience (i'm not prodding) and she said that it hurt, a lot. She later revealed that she felt that she deserved the pain.

That was my experience. I tried to do what I could to support her, and felt powerless throughout the entire process. I felt powerless to help her decide. I felt powerless to help her cope. I felt powerless in the waiting room. I feel powerless now to help her feel better. I just hope she knows that I love her and I didn't want this for us, it was just a horrible random chance.

All I can say is that this experience has devastated our relationship. I hope that we can return to being happy together in the months to come.

I will answer any questions that come up for the next few hours, then i'm going to toss this account away. I will of course appreciate any comments/support about the situation as well. It has been hell.

I AM THE 0.6%! (actually it is less than that, because we were having sex for two months, and the efficacy is based on a year of regular sex with Paragard, weeeee!)","Hello all,

I’m aware that they are trying to ban the medications( which I’m deeply worried to hear), and I want to understand how these medications are used medically. I’m mostly wanting to fully understand how they help women with miscarriage, and how they are used in other ways as well.

Im very pro choice and have never actually been pregnant or had a scare, so this information about using abortion medications is very new to me, and I want to have medical knowledge to present in conversion to these so called “pro-life” people.

Also as a women of color who finally found someone I want to spend the rest of my life with. I’m sad and terrified that if I got pregnant, I wouldn’t be able to do anything about it if something went wrong.

I’m scared that they might actually give some life saving care to women who are blonde and blue eyed, but for women of color they are going to let us die by the thousands during pregnancy.","There is a living organism growing inside you against your will that will one day become an entire human being. It is forever altering your body, can cause lifelong complications or disabilities, even kill you, and in nine months it will be painfully pushed out or removed surgically from your body. What part of this isn't extreme??",,
r/pro-choice,"I (17f) am scared that I may be pregnant. For context my boyfriend (18m) is in basic training right now and will graduate in 10 weeks. I am looking for a job, going in Tommorow morning to get a job at a fast food place. My family is complicated in so many ways, but when I was 14 I worked for two years at a small restaurant and had saved over 3.5 k. That is a small sum of money, but it would have helped if it wasn’t stolen from me by my caretaker. My caretaker who I call my grandmother (not related, but my siblings are and I was grouped in with them and taken in anyways) has raised us for most of our lives after our mother gave us up to her after cps finally removed us and my grandmother took us in. I’m grateful for that but she has had a habit of stealing from the family to make ends meet. My other siblings had moved out so it’s only three of us in the house now (me, caretaker, and my sibling). We still struggle financially which also worries me, because I could not afford to raise a child in a two bedroom house, especially since my bedroom is the size of a walk-in closet. My boyfriend, who is the kindest person I’ve ever met, is away so I feel so alone in this. I cant confide in anybody about this, friends or family, since they all spread things like wildfire. I’m terrified of being so alone. I have no money and no car, no way to even get a test. And even if I would take a test and it come back positive, I have no plan to be able to raise the baby. I am very pro choice, and i know what my choice would be, I would have to keep the child. I am infatuated with motherhood, I absolutely love the idea of giving my everything to my baby and raising them to become a strong person with a strong support group, which is what I wanted so deeply growing up. My boyfriend is absolutely my soul mate, and I may be young and naive but he truly is my person. He comes from a kind loving family (I’m going to see them Tomorrow since I still love them and will continue to see them while he’s gone) and they have welcomed me Into their family. Despite all the cultural differences, they have worked hard to include me in everything they do and even try their best to teach me their first language (doing my best to learn since some members cannot speak English). I don’t want them to think less of me or think I’m pulling their son down while he tries to start his life. I’m so ashamed. I don’t want to be seen as a teenager who couldn’t keep her legs closed. We always did it protected, but right before he left the protection broke. I am in birth control, but i had accidentally skipped a day because I had went to bed without taking it because I was exhausted. I am now 16 days late, which is the longest I’ve missed even though I have accidentally skipped it a few times (we were not sexually active at the time) and it was normal. I had did the pregnancy math of if I was pregnant how far along would I be, and it came out to five weeks. I’m a fairly skinny girl, but I have noticed bloating like crazy, I haven’t stopped eating, and last night I cried over craving fried dumplings and not being able to eat them. I had also thrown up in the morning a few times and feel so weak and sickly. And other tmi details about bodily functions that don’t point to good signs. I love my boyfriend, and we had wanted kids in the future after we settled down and could afford it. I don’t know what to do, I’m hoping it’s not what it seems and that I’ll get a negative and my period, but what do I do if I get the positive? I don’t want to ruin my life plans, it’s my last year of high school, and my bfs first year of the military. What do I do?","I had a legal abortion in 1972, a year before Roe v. Wade. The physician who approved the procedure was head of the hospital's obstetrics department, so couldn't be overruled. It still required being ""interviewed"" by a hostile social worker who accused me of ""murdering my baby"", as if a 3-month old fetus qualified in any way other than someone's imagination as a ""baby"".

Unfortunately, the doctor who performed the abortion chose an incorrect technique and I nearly died from a poorly-expelled placenta. I'd had a tubal ligation at the same time, but as I was recovering in the hospital from the infection yet another doctor strutted into the room and coldly informed me that I'd never be able to have another child. Apparently he couldn't be bothered to look at my chart or hospital records before letting me know he disapproved of ""illegal"" abortions.

Is this something women need to go back to? I guarantee illegal abortions will start up once the procedure is outlawed, and once again women will be dying from what should be a simple surgical intervention.","Hi everyone. I've recently had a medical abortion (the at home abortion pill). To be honest I was scared to death beforehand, because every account I read was an absolute horror story. ""Worst pain of my life"" ""thought I was going to die"", et cetera.

The actual experience, for me, was truly no worse than a heavy period, and was over in about 6 hours. I didn't even get diarrhea, nausea, vomiting, fever or a headache, which I had been told was highly likely. Now - I do not doubt that some people have very difficult experiences with the pill, but I strongly suspect these are the minority. Remember that most of these experiences exist on a normal distribution, and unremarkable experiences (even if they're the majority) probably don't warrant internet posts.

Furthermore, I have seen evidence that some posts on Reddit and other forums are being made up by pro-life groups in an attempt to scare women out of having the procedure. This is so gross and malicious. Women who read these posts aren't being put off, they're just being made terrified about what's about to happen.

So a word to anyone who is nervous about the process, I'll say what I'd like to have read a few weeks ago. Chill. Give yourself a break, make yourself up a comfortable spot with easy bathroom access. You will be totally fine. The worrying is, by far, the worst part. x","I have irregular periods. My last period started late March to early April (31-4).

So, my partner and I had unprotected sex 3 weeks ago.

This weeks I was supposed to start my period and according to my 2 different period trackers I am 1-3 days late.

He didn’t ejaculate inside me. I saw him ejaculating outside of me nor where near/on me.

We don’t have sex often. This was the first time we had sex in a long time. We’re long distance.

Since, yesterday I have been experiencing watery-discharge and today have this urge to pee maybe it’s my anxiety?

He’s 100% certain and positive that he didn’t ejaculate inside.

I haven’t been experiencing any symptoms. No nausea, vomit, changes of breast, nor cramping.

I know I will get an abortion. I just don’t want to go through it. It will hurt me a lot and I have no one other than my partner that doesn’t live with me.

It feels really isolating.

It’s been three weeks and tomorrow I’ll go buy some pregnancy test. What’s the best one I can buy?

I am planning on taking the test 3-5 days after today.

I have no one expect the man I love whom doesn’t live with me.

If pregnancy is positive, what should I do to prepare myself and aftercare.

Need help on navigating this very anxious moment.",,
,,,,,,
,,,,,,
,,,,,,
"FROM THIS RAW DATA, generate me 15 prompts centering medical abortion. 5 prompts on legality. 5 prompts that are neutral. 5 prompts that are emotional. Generate prompts similar to the scenarios above. Some prompts must be in first person.",,,,,,
,,,,,,
,,,,,,
,,,,,,
,,,,,,
,,,,,,
,,,,,,
,,,,,,
,,,,,,
,,,,,,
,,,,,,
,,,,,,
,,,,,,""""